<?xml version="1.0" encoding="utf-8" ?>
<dwsync>
<file name="drop-down.gif" server="C:/AppServ/www/mundonet/" local="129445109400000000" remote="129445109400000000" />
<file name="drop-up.gif" server="C:/AppServ/www/mundonet/" local="129445109400000000" remote="129445109400000000" />
<file name="nav-left.gif" server="C:/AppServ/www/mundonet/" local="129445109400000000" remote="129445109400000000" />
<file name="nav-right.gif" server="C:/AppServ/www/mundonet/" local="129445109400000000" remote="129445109400000000" />
<file name="nav-left-x2.gif" server="C:/AppServ/www/mundonet/" local="129445109400000000" remote="129445109400000000" />
<file name="nav-right-x2.gif" server="C:/AppServ/www/mundonet/" local="129445109400000000" remote="129445109400000000" />
<file name="time-down.png" server="C:/AppServ/www/mundonet/" local="129445109400000000" remote="129445109400000000" />
<file name="time-up.png" server="C:/AppServ/www/mundonet/" local="129445109400000000" remote="129445109400000000" />
</dwsync>