<?xml version="1.0" encoding="utf-8" ?>
<dwsync>
<file name="calendar.js" server="C:/AppServ/www/Contacto/" local="127547140060000000" remote="127547140060000000" />
<file name="calendar-setup.js" server="C:/AppServ/www/Contacto/" local="127547140060000000" remote="127547140060000000" />
<file name="menuarrow2.gif" server="C:/AppServ/www/Contacto/" local="127547140060000000" remote="127547140060000000" />
<file name="calendar-blue2.css" server="C:/AppServ/www/Contacto/" local="127547139960000000" remote="127547139960000000" />
<file name="menuarrow2.gif" server="C:/AppServ/www/dominguez/" local="127547140060000000" remote="127547140060000000" />
<file name="calendar-blue2.css" server="C:/AppServ/www/dominguez/" local="127547139960000000" remote="127547139960000000" />
<file name="calendar.js" server="C:/AppServ/www/dominguez/" local="127547140060000000" remote="127547140060000000" />
<file name="calendar-setup.js" server="C:/AppServ/www/dominguez/" local="127547140060000000" remote="127547140060000000" />
<file name="menuarrow2.gif" server="C:/AppServ/www/mundonet/" local="127547140060000000" remote="127547140060000000" />
<file name="calendar-blue2.css" server="C:/AppServ/www/mundonet/" local="127547139960000000" remote="127547139960000000" />
<file name="calendar.js" server="C:/AppServ/www/mundonet/" local="129608621860000000" remote="129608621860000000" />
<file name="calendar-setup.js" server="C:/AppServ/www/mundonet/" local="127547140060000000" remote="127547140060000000" />
</dwsync>